user_id,model_name,accuracy,precision,recall,f1_score,submitted_at
neeta ,Logistic Regression,0.8605442176870748,0.8,0.1702127659574468,0.2807017543859649,2026-04-24 19:01:22
